draw_date,n1,n2,n3,n4,n5
2026-01-01,15,16,18,29,36
2026-01-02,17,18,25,36,39
2026-01-03,22,23,31,32,38
2026-01-05,10,16,18,34,39
2026-01-06,1,2,6,11,33
2026-01-07,5,10,14,15,28
2026-01-08,3,8,10,21,30
2026-01-09,1,12,14,22,34
2026-01-10,11,25,26,34,38
2026-01-12,3,13,18,24,30
2026-01-13,6,16,17,19,31
2026-01-14,1,2,16,33,35
2026-01-15,1,2,3,19,36
2026-01-16,18,19,22,27,29
2026-01-17,2,10,11,24,37
2026-01-19,12,16,23,24,29
2026-01-20,16,19,23,25,34
2026-01-21,4,15,23,27,38
2026-01-22,3,6,11,30,34
2026-01-23,3,11,12,21,31
2026-01-24,6,7,15,35,37
2026-01-26,6,15,23,26,30
2026-01-27,5,17,18,23,32
2026-01-28,10,11,23,24,29
2026-01-29,6,11,28,36,37
2026-01-30,16,17,29,30,36
2026-01-31,5,12,16,21,32
2026-02-02,6,8,31,37,38
2026-02-03,3,5,11,15,23
2026-02-04,8,17,22,27,28
2026-02-05,8,9,13,32,35
2026-02-06,1,6,29,32,34
2026-02-07,3,8,22,27,32
2026-02-09,16,21,25,31,35
2026-02-10,10,11,17,22,36
2026-02-11,11,15,18,29,33
2026-02-12,1,12,21,35,37
2026-02-13,4,28,31,33,34
2026-02-14,1,3,13,31,36
2026-02-15,11,13,18,22,34
2026-02-16,5,7,15,18,34
2026-02-17,6,8,11,20,21
2026-02-18,8,10,12,32,33
2026-02-19,8,15,19,25,27
2026-02-20,4,11,22,23,27
2026-02-21,1,8,19,20,25
2026-02-22,8,13,16,24,25
2026-02-23,3,10,12,27,36
2026-02-24,16,23,25,32,36
2026-02-25,5,22,28,35,36
2026-02-26,3,6,9,31,39
2026-02-27,1,22,23,37,39
2026-02-28,2,4,13,26,27
2026-03-01,2,8,15,29,31
2026-03-02,3,12,20,21,27
2026-03-03,2,19,21,32,35
2026-03-04,4,8,12,16,17
2026-03-05,1,4,8,12,36
2026-03-06,19,24,29,32,34
2026-03-07,15,17,18,34,36
2026-03-09,7,12,15,32,38
2026-03-10,11,12,14,17,32
2026-03-11,5,15,26,37,38
2026-03-12,4,5,7,23,35
2026-03-13,2,5,11,12,15
2026-03-14,8,10,18,20,34
2026-03-16,17,19,21,29,34
2026-03-17,11,13,19,22,27
2026-03-18,21,22,31,32,35
2026-03-19,5,23,25,30,37
2026-03-20,3,11,15,33,39
2026-03-21,7,14,15,19,22
2026-03-23,7,12,24,29,35
2026-03-24,10,20,28,29,36
2026-03-25,3,13,31,33,36
2026-03-26,14,17,20,24,37
2026-03-27,8,18,24,34,35
2026-03-28,6,9,11,16,17
2026-03-30,6,8,20,22,32
2026-03-31,9,16,23,35,39
2026-04-01,3,10,11,13,23
2026-04-02,1,9,13,18,21
2026-04-03,6,8,9,25,35
2026-04-04,4,17,25,31,36
2026-04-06,7,11,17,31,34
2026-04-07,4,8,21,27,29
2026-04-08,2,4,5,6,29
2026-04-09,2,15,25,31,38
2026-04-10,9,21,25,27,30
2026-04-11,7,12,17,24,31
2026-04-13,18,30,31,37,38
2026-04-14,9,14,27,29,33
2026-04-15,2,9,11,29,30
2026-04-16,6,8,12,21,30
2026-04-17,1,2,7,16,26
2026-04-18,7,25,26,29,31
2026-04-20,3,4,5,20,36
2026-04-21,1,6,14,26,28
2026-04-22,5,7,24,38,39
2026-04-23,2,10,17,25,35
2026-04-24,16,21,25,29,34
2026-04-25,3,20,21,22,33
2026-04-27,8,18,20,23,27
2026-04-28,7,8,21,35,38
2026-04-29,2,6,22,32,36
2026-04-30,6,15,27,30,31
2026-05-01,2,3,14,16,20
2026-05-02,8,9,17,25,38
2026-05-04,8,22,26,36,39
2026-05-05,8,16,24,27,37
2026-05-06,4,10,11,34,39
2026-05-07,1,6,18,25,36
2026-05-08,18,19,23,26,28
2026-05-09,11,18,21,22,25
2026-05-11,2,13,21,36,37
2026-05-12,1,4,12,22,26
2026-05-13,2,6,7,9,23
2026-05-14,8,18,28,35,39
2026-05-15,1,13,23,25,36
2026-05-16,2,11,28,32,33
2026-05-18,8,15,20,32,33
2026-05-19,4,6,24,31,32
2026-05-20,1,20,21,23,35
2026-05-21,9,25,28,34,36
2026-05-22,4,8,15,16,37
2026-05-23,6,15,16,24,38
2026-05-25,5,6,12,36,37
2026-05-26,2,7,11,14,37
2026-05-27,2,3,18,19,21
2026-05-28,6,9,12,19,31
2026-05-29,12,15,20,34,35
2026-05-30,2,3,4,13,39
2026-06-01,5,14,19,20,28
2026-06-02,7,12,22,26,30
2026-06-03,2,8,17,25,38
2026-06-04,2,8,24,29,35
2026-06-05,7,21,26,27,31
2026-06-06,13,27,30,37,38
2026-06-08,8,14,17,18,28
2026-06-09,10,17,20,25,28
2026-06-10,1,4,32,35,39
2026-06-11,8,15,20,29,31
2026-06-12,6,8,18,29,31
2026-06-13,4,5,6,34,36
2026-06-15,12,16,24,28,36
2026-06-16,5,17,23,25,29
2026-06-17,8,10,15,16,37
2026-06-18,9,20,27,28,30
2026-06-19,1,5,7,13,25
2026-06-20,4,11,24,25,31
2026-06-22,1,7,28,29,34
2026-06-23,2,14,25,29,36
2026-06-24,3,17,21,32,33
2026-06-25,6,13,21,29,34
2026-06-26,8,10,14,26,36
2026-06-27,4,14,21,31,32
2026-06-29,11,15,30,34,36
2026-06-30,3,11,23,26,37
2026-07-01,1,3,12,14,34
2026-07-02,1,6,8,13,30
2026-07-03,7,11,31,36,37
2026-07-04,2,10,15,31,37
2026-07-06,1,10,12,14,38
2026-07-07,9,21,24,27,34
2026-07-08,1,11,23,30,34
2026-07-09,18,22,28,35,37
2026-07-10,5,13,15,21,26
2026-07-11,10,25,27,35,38
2026-07-13,3,4,5,34,35
2026-07-14,1,6,13,15,37
2026-07-15,6,16,19,21,30
2026-07-16,13,25,28,30,31
2026-07-17,10,12,28,29,35
2026-07-18,18,29,33,34,37
2026-07-20,10,12,13,20,24
2026-07-21,12,19,27,37,39
2026-07-22,3,14,19,21,31
2026-07-23,12,14,19,25,26
2026-07-24,5,17,27,29,36
2026-07-25,8,12,16,23,39
2026-07-27,7,16,19,24,32
